<application>
  <component name="libraryTable">
    <library name="taobao-sdk-java-auto_1599040928787-20200902-source">
      <CLASSES>
        <root url="jar://$USER_HOME$/Documents/work/查单系统优化/菜鸟/cainiao-sdk-java-23434488/taobao-sdk-java-auto_1599040928787-20200902.jar!/" />
      </CLASSES>
      <JAVADOC />
      <SOURCES>
        <root url="jar://$USER_HOME$/Documents/work/查单系统优化/菜鸟/cainiao-sdk-java-23434488/taobao-sdk-java-auto_1599040928787-20200902-source.jar!/" />
      </SOURCES>
    </library>
  </component>
</application>