<application>
  <component name="FindSettings">
    <option name="customScope" value="All Places" />
    <option name="defaultScopeName" value="All Places" />
    <option name="SEARCH_SCOPE" value="All Places" />
    <option name="FILE_MASK" value="*.xml, *.java, *.yml, *.class, *.sh" />
    <mask>*.css</mask>
    <mask>*.html</mask>
    <mask>*.jsp</mask>
    <mask>*.properties</mask>
    <mask>*.kt</mask>
    <mask>pom.xml</mask>
    <mask>*.java</mask>
    <mask>*.xml</mask>
    <mask>*.xml, *.java</mask>
    <mask>*.xml, *.java, *.yml</mask>
    <mask>*.xml, *.java, *.yml, *.class</mask>
    <mask>*.xml, *.java, *.yml, *.class, *.sh</mask>
  </component>
</application>