<application>
  <component name="ParameterNameHintsSettings">
    <blacklists>
      <blacklist language="Java" />
    </blacklists>
    <option id="SHOW_PROPERTY_HINT" value="true" />
    <option id="java.multiple.params.same.type" value="true" />
    <option id="java.build.like.method" value="true" />
    <option id="SHOW_LOCAL_VARIABLE_HINT" value="true" />
    <option id="SHOW_FUNCTION_HINT" value="true" />
    <option id="SHOW_PARAMETER_TYPE_HINT" value="true" />
    <option id="java.simple.sequentially.numbered" value="true" />
    <option id="java.clear.expression.type" value="true" />
    <option id="SHOW_SUSPENDING_CALL" value="true" />
    <option id="java.method.name.contains.parameter.name" value="true" />
  </component>
</application>