<application>
  <component name="AppStorage">
    <histories>
      <item value="response" />
      <item value="responce" />
      <item value="Yto Feign Subcribe" />
      <item value="subcribe" />
      <item value="* field-for-field copy of instances of that class." />
      <item value="* A class implements the &lt;code&gt;Cloneable&lt;/code&gt; interface to * indicate to the {@link java.lang.Object#clone()} method that it * is legal for that method to make a * field-for-field copy of instances of that class." />
      <item value="set Express Name" />
      <item value="/** @return The category of the constructed Logger. By default, it will use the type where the annotation is placed. */" />
      <item value="OFFICIAL SUB" />
      <item value="order Waybill Dtos" />
      <item value="public" />
      <item value="void" />
      <item value="common Subscribe Tracking" />
      <item value="compat Subscribe Tracking" />
      <item value="espress Nos" />
      <item value="aggregrate" />
      <item value="marketing" />
      <item value="Express Node" />
      <item value="billcodes" />
      <item value="subcribe Route" />
      <item value="Dp Responce" />
      <item value="* The value may indicate a suggestion for a logical component name, * to be turned into a Spring bean in case of an autodetected component. * @return the suggested component name, if any (or empty String otherwise) * @since 4.0.1" />
      <item value="max statement time" />
      <item value="Abstract Failure Analyzer" />
      <item value="* Specify whether {@code @Bean} methods should get proxied in order to enforce * bean lifecycle behavior, e.g. to return shared singleton bean instances even * in case of direct {@code @Bean} method calls in user code. This feature * requires method interception, implemented through a runtime-generated CGLIB * subclass which comes with limitations such as the configuration class and * its methods not being allowed to declare {@code final}. * &lt;p&gt;The default is {@code true}, allowing for 'inter-bean references' within * the configuration class as well as for external calls to this configuration's * {@code @Bean} methods, e.g. from another configuration class. If this is not * needed since each of this particular configuration's {@code @Bean} methods * is self-contained and designed as a plain factory method for container use, * switch this flag to {@code false} in order to avoid CGLIB subclass processing. * &lt;p&gt;Turning off bean method interception effectively processes {@code @Bean} * methods individually like when declared on non-{@code @Configuration} classes, * a.k.a. &quot;@Bean Lite Mode&quot; (see {@link Bean @Bean's javadoc}). It is therefore * behaviorally equivalent to removing the {@code @Configuration} stereotype. * @since 5.2" />
      <item value="Desired survivor size 11010048 bytes, new threshold 7 (max 15)" />
      <item value="wrap Message Filter" />
      <item value="Consumer Listener Filter Wrapper" />
      <item value="supplier" />
      <item value="process message trace" />
      <item value="dbcp 2" />
      <item value="* Sets the number of seconds the driver will wait for a &lt;code&gt;Statement&lt;/code&gt; object to execute to the given * number of seconds. If the limit is exceeded, an &lt;code&gt;SQLException&lt;/code&gt; is thrown. A JDBC driver must apply * this limit to the &lt;code&gt;execute&lt;/code&gt;, &lt;code&gt;executeQuery&lt;/code&gt; and &lt;code&gt;executeUpdate&lt;/code&gt; methods. JDBC * driver implementations may also apply this limit to &lt;code&gt;ResultSet&lt;/code&gt; methods (consult your driver vendor * documentation for details). * * @param seconds the new query timeout limit in seconds; zero means there is no limit * @see #getQueryTimeout" />
      <item value="active Peak Time" />
      <item value="Predicate" />
      <item value="serialization" />
      <item value="* {@link java.util.Locale} to use for serialization (if needed). * Special value of {@link #DEFAULT_LOCALE} * can be used to mean &quot;just use the default&quot;, where default is specified * by the serialization context, which in turn defaults to system * defaults ({@link java.util.Locale#getDefault()}) unless explicitly * set to another locale." />
      <item value="check" />
      <item value="/** * Returns the same hash code for the given object as * would be returned by the default method hashCode(), * whether or not the given object's class overrides * hashCode(). * The hash code for the null reference is zero. * * @param x object for which the hashCode is to be calculated * @return the hashCode * @since JDK1.1 */" />
      <item value="* Gets the hash code for the key specified. * This implementation uses the identity hash code. * * @param key the key to get a hash code for * @return the hash code" />
      <item value="identity Hash Code" />
      <item value="report Data Preview" />
      <item value="Manager" />
      <item value="MQ Manager" />
      <item value="manager" />
      <item value="管理员" />
      <item value="MQ Admin Processor" />
      <item value="April 5" />
      <item value="cover all" />
      <item value="覆盖" />
      <item value="Caused by: org.springframework.beans.BeanInstantiationException: Failed to instantiate [java.lang.String]: Factory method 'test111' threw exception; nested exception is java.lang.IllegalStateException: No thread-bound request found: Are you referring to request attributes outside of an actual web request, or processing a request outside of the originally receiving thread? If you are actually operating within a web request and still receive this message, your code is probably running outside of DispatcherServlet: In this case, use RequestContextListener or RequestContextFilter to expose the current request." />
    </histories>
    <option name="languageScores">
      <map>
        <entry key="CHINESE" value="387" />
        <entry key="ENGLISH" value="388" />
        <entry key="IRISH" value="3" />
        <entry key="BOSNIAN" value="1" />
        <entry key="AFRIKAANS" value="1" />
        <entry key="DANISH" value="2" />
        <entry key="RUSSIAN" value="1" />
        <entry key="FRENCH" value="1" />
        <entry key="LATIN" value="1" />
        <entry key="MALAY" value="1" />
        <entry key="NORWEGIAN" value="1" />
        <entry key="PORTUGUESE" value="2" />
        <entry key="SWEDISH" value="1" />
        <entry key="ESPERANTO" value="1" />
        <entry key="WELSH" value="2" />
        <entry key="SPANISH" value="1" />
        <entry key="GREEK" value="1" />
        <entry key="HUNGARIAN" value="1" />
        <entry key="ITALIAN" value="3" />
        <entry key="HINDI" value="1" />
      </map>
    </option>
  </component>
  <component name="Settings">
    <option name="autoPlayTTS" value="true" />
    <option name="ignoreRegExp" value="" />
    <option name="overrideFont" value="true" />
    <option name="phoneticFontFamily" value="Consolas" />
    <option name="primaryFontFamily" value="Microsoft YaHei UI" />
  </component>
</application>