<application>
  <component name="AppStorage">
    <histories>
      <item value="Wildcard" />
      <item value="WilDCARd" />
      <item value="WILDCARd" />
      <item value="WILDCARD" />
      <item value="通配符" />
      <item value="Handler Container" />
      <item value="容器" />
      <item value="support" />
      <item value="wrap" />
      <item value="warp" />
      <item value="fuzzy" />
      <item value="模糊" />
      <item value="in common use" />
      <item value="通用" />
      <item value="星号" />
      <item value="Parameterized Type" />
      <item value="get Generic Interfaces" />
      <item value="get Generic Interfaces Parameter Type" />
      <item value="generic Parameter Index" />
      <item value="Initializer" />
      <item value="processor" />
      <item value="processer" />
      <item value="* Beans on which the current bean depends. Any beans specified are guaranteed to be * created by the container before this bean. Used infrequently in cases where a bean * does not explicitly depend on another through properties or constructor arguments, * but rather depends on the side effects of another bean's initialization. * * &lt;p&gt;A depends-on declaration can specify both an initialization-time dependency and, * in the case of singleton beans only, a corresponding destruction-time dependency. * Dependent beans that define a depends-on relationship with a given bean are destroyed * first, prior to the given bean itself being destroyed. Thus, a depends-on declaration * can also control shutdown order." />
      <item value="custom" />
      <item value="safe Get" />
      <item value="transaction" />
      <item value="response" />
      <item value="format" />
      <item value="formort" />
      <item value="injected" />
      <item value="inject" />
      <item value="cound" />
      <item value="annotation" />
      <item value="context" />
      <item value="cloud" />
      <item value="boot" />
      <item value="org" />
      <item value="autoconfigure" />
      <item value="com" />
      <item value="run" />
      <item value="Spring Application" />
      <item value="我们是谁" />
      <item value="我们" />
      <item value="Local Transaction State" />
      <item value="l Transaction State." />
      <item value="l Transaction State" />
      <item value="生产者事务未知时不进行事务回滚" />
      <item value="MQ Client Exception" />
      <item value="send Msg" />
      <item value="Initializing" />
    </histories>
    <option name="languageScores">
      <map>
        <entry key="CHINESE" value="267" />
        <entry key="ENGLISH" value="267" />
        <entry key="IRISH" value="3" />
        <entry key="AFRIKAANS" value="1" />
        <entry key="DANISH" value="2" />
        <entry key="LATIN" value="1" />
        <entry key="MALAY" value="1" />
        <entry key="NORWEGIAN" value="1" />
        <entry key="PORTUGUESE" value="2" />
        <entry key="SWEDISH" value="1" />
        <entry key="ESPERANTO" value="1" />
        <entry key="WELSH" value="1" />
        <entry key="SPANISH" value="1" />
        <entry key="GREEK" value="1" />
        <entry key="ITALIAN" value="2" />
        <entry key="HINDI" value="1" />
      </map>
    </option>
  </component>
  <component name="Settings">
    <option name="autoPlayTTS" value="true" />
    <option name="ignoreRegExp" value="" />
    <option name="overrideFont" value="true" />
    <option name="phoneticFontFamily" value="Consolas" />
    <option name="primaryFontFamily" value="Microsoft YaHei UI" />
  </component>
</application>