<application>
  <component name="SonarLintGlobalSettings">
    <option name="nodejsPath" value="" />
    <option name="sonarQubeServers">
      <list>
        <SonarQubeServer>
          <option name="hostUrl" value="http://sonar.midea.com/" />
          <token>df9edf99df9adfcedfcfdf9fdfcedf9edf99dfc8df98df9cdf9adf9ddf9ddf9edf9ddf9adf9fdf92df93dfcfdfc8dfc8dfcbdf9cdf9fdfc9df98df9bdf9edf9bdf99dfccdf9cdf9ddf9ddfccdf93dfce</token>
          <option name="name" value="midea-sonar" />
        </SonarQubeServer>
      </list>
    </option>
    <rules />
  </component>
</application>