<application>
  <component name="AppStorage">
    <option name="newTranslationDialogHeight" value="415" />
    <option name="newTranslationDialogWidth" value="984" />
    <option name="newTranslationDialogX" value="469" />
    <option name="newTranslationDialogY" value="399" />
    <option name="pinNewTranslationDialog" value="true" />
    <histories>
      <item value="candy" />
      <item value="Retrieves and removes the head of this queue, waiting if necessary until an element becomes available." />
      <item value="Are workers subject to culling" />
      <item value="culling" />
      <item value="poll" />
      <item value="Inserts the specified element into this queue if it is possible to do so immediately without violating capacity restrictions, returning {@code true} upon success and {@code false} if no space is currently available. When using a capacity-restricted queue, this method is generally preferable to {@link add}, which can fail to insert an element only by throwing an exception." />
      <item value="CAPACITY" />
      <item value="1. If fewer than corePoolSize threads are running, try to start a new thread with the given command as its first task. The call to addWorker atomically checks runState and workerCount, and so prevents false alarms that would add threads when it shouldn't, by returning false. 2. If a task can be successfully queued, then we still need to double-check whether we should have added a thread (because existing ones died since last checking) or that the pool shut down since entry into this method. So we recheck state and if necessary roll back the enqueuing if stopped, or start a new thread if there are none. 3. If we cannot queue task, then we try to add a new thread. If it fails, we know we are shut down or saturated and so reject the task." />
      <item value="Drains the task queue into a new list, normally using drainTo. But if the queue is a DelayQueue or any other kind of queue for which poll or drainTo may fail to remove some elements, it deletes them one by one." />
      <item value="purge" />
      <item value="Returns the task queue used by this executor. Access to the task queue is intended primarily for debugging and monitoring. This queue may be in active use. Retrieving the task queue does not prevent queued tasks from executing. @return the task queue" />
      <item value="Rebalance" />
      <item value="do Rebalance" />
      <item value="CONCURRENTLY" />
      <item value="consumed" />
      <item value="delete Plain Access Config" />
      <item value="CONSUME PASSIVELY" />
      <item value="CONSUME ACTIVELY" />
      <item value="examine" />
      <item value="avro" />
      <item value="RocketMQ-Serializer is a RocketMQ extend library for serializing and deserializing message body." />
      <item value="In Apache RocketMQ, when message consumers are consuming messages, there may a sudden inflow of messages, whether using pull or push mode. If all the messages were handled at this time, it would be likely to cause the system to be overloaded and then affect stability. However, in fact, there may be no messages coming within a few seconds. If redundant messages are directly discarded, the system's ability to process the message is not fully utilized. We hope that the sudden inflow of messages can be spread over a period of time, so that the system load can be kept on the stable level while processing as many messages as possible, thus achieving the effect of “shaving the peaks and filling the valley”." />
      <item value="If more requests are coming, they'll be put into the waiting queue. The queue has a queueing timeout. Requests that may exceed the timeout will be immediately blocked. In this example, the max timeout is 5s." />
      <item value="CONTROL BEHAVIOR RATE LIMITER" />
      <item value="set Control Behavior" />
      <item value="Enable rate limiting (uniform). This can ensure fixed intervals between two adjacent calls. In this example, intervals between two incoming calls (message consumption) will be 200 ms constantly." />
      <item value="Sentinel provides a feature for this kind of scenario: [Rate Limiter](https:github.comalibabaSentinelwikiFlow-Shaping:-Pace-Limiter), which can spread a large number of sudden request inflow in a uniform rate manner, let the request pass at a fixed interval. It is often used to process burst requests instead of rejecting them. This avoids traffic spurs causing system overloaded. Moreover, the pending requests will be queued and processed one by one. When the request is estimated to exceed the maximum queuing timeout, it will be rejected immediately." />
      <item value="Uniform rate limiting" />
      <item value="Sentinel" />
      <item value="unregister Client With Lock" />
      <item value="Initiates an orderly shutdown in which previously submitted tasks are executed, but no new tasks will be accepted. Invocation has no additional effect if already shut down. &lt;p&gt;This method does not wait for previously submitted tasks to complete execution. Use {@link awaitTermination awaitTermination} to do that. @throws SecurityException {@inheritDoc}" />
      <item value="&lt;p&gt;There are no guarantees beyond best-effort attempts to stop processing actively executing tasks. This implementation cancels tasks via {@link Threadinterrupt}, so any task that fails to respond to interrupts may never terminate." />
      <item value="&lt;p&gt;This method does not wait for actively executing tasks to terminate. Use {@link awaitTermination awaitTermination} to do that." />
      <item value="Attempts to stop all actively executing tasks, halts the processing of waiting tasks, and returns a list of the tasks that were awaiting execution. These tasks are drained (removed) from the task queue upon return from this method." />
      <item value="try Terminate" />
      <item value="&lt;p&gt;This method does not wait for previously submitted tasks to complete execution. Use {@link awaitTermination awaitTermination} to do that." />
      <item value="&lt;p&gt;This method does not wait for previously submitted tasks to complete execution. Use {@link awaitTermination awaitTermination}" />
      <item value="Initiates an orderly shutdown in which previously submitted tasks are executed, but no new tasks will be accepted. Invocation has no additional effect if already shut down." />
      <item value="Method that may be invoked by a {@link ThreadPoolExecutor} when {@link ThreadPoolExecutorexecute execute} cannot accept a task. This may occur when no more threads or queue slots are available because their bounds would be exceeded, or upon shutdown of the Executor. &lt;p&gt;In the absence of other alternatives, the method may throw an unchecked {@link RejectedExecutionException}, which will be propagated to the caller of {@code execute}." />
      <item value="UNREGISTER CLIENT" />
      <item value="persist" />
      <item value="persist Consumer Offset" />
      <item value="Shuts down Eureka Client. Also sends a deregistration request to the eureka server." />
      <item value="Shuts down the &lt;tt&gt;Discovery Client&lt;tt&gt; which unregisters the information about this instance from the &lt;tt&gt;Discovery Server&lt;tt&gt;." />
      <item value="Eureka Health Indicator" />
      <item value="carriage" />
      <item value="Contrib Subscriber" />
      <item value="Contrib Matcher" />
      <item value="Endpoint IDs that should be excluded or '' for all." />
      <item value="exclude" />
    </histories>
    <option name="languageScores">
      <map>
        <entry key="CHINESE" value="492" />
        <entry key="ENGLISH" value="493" />
        <entry key="AZERBAIJANI" value="1" />
        <entry key="IRISH" value="3" />
        <entry key="BOSNIAN" value="1" />
        <entry key="AFRIKAANS" value="1" />
        <entry key="DANISH" value="3" />
        <entry key="RUSSIAN" value="1" />
        <entry key="FRENCH" value="1" />
        <entry key="LATIN" value="1" />
        <entry key="LUXEMBOURGISH" value="1" />
        <entry key="ROMANIAN" value="1" />
        <entry key="MALAY" value="1" />
        <entry key="HMONG" value="1" />
        <entry key="NORWEGIAN" value="1" />
        <entry key="PORTUGUESE" value="2" />
        <entry key="SWEDISH" value="1" />
        <entry key="ESPERANTO" value="1" />
        <entry key="WELSH" value="2" />
        <entry key="SPANISH" value="1" />
        <entry key="GREEK" value="1" />
        <entry key="HUNGARIAN" value="1" />
        <entry key="ITALIAN" value="3" />
        <entry key="HINDI" value="1" />
      </map>
    </option>
  </component>
  <component name="Cache">
    <option name="lastTrimTime" value="1613790216184" />
  </component>
  <component name="Settings">
    <option name="autoPlayTTS" value="true" />
    <option name="overrideFont" value="true" />
    <option name="phoneticFontFamily" value="Consolas" />
    <option name="primaryFontFamily" value="Microsoft YaHei UI" />
    <option name="translateDocumentation" value="true" />
  </component>
</application>